,clipping,contrast_loss,entropy,DR
clipping,1.0,0.5063984050859865,-0.8105640997396862,-0.26112779526572744
contrast_loss,0.5063984050859865,1.0,-0.1210890051801075,0.10641135459605597
entropy,-0.8105640997396862,-0.1210890051801075,1.0,0.12198590964107228
DR,-0.26112779526572744,0.10641135459605597,0.12198590964107228,1.0
