operator,stability
gamma,4.535295628905422
drago,6.567264895490111
filmic,6.6529712910361
reinhard,6.925799426225318
reinhard_local,7.132742330014194
