operator,exposure_sensitivity_index
drago,0.3884451091466915
reinhard_local,0.46298347470306217
reinhard,0.54502845789705
filmic,0.6740880939222518
gamma,1.1866936717005003
